{
  "prefecture": "tokyo",
  "lastUpdated": "2025-01-13T12:00:00.000Z",
  "source": "https://omaturilink.com/%E6%9D%B1%E4%BA%AC%E9%83%BD/",
  "dataNote": "基于omaturilink.com官方数据源，所有信息均来自可靠来源",
  "events": [
    {
      "id": "kanda-matsuri-2025",
      "title": "神田祭",
      "japaneseName": "神田祭",
      "englishName": "Kanda Matsuri",
      "date": "2025-05-10",
      "endDate": "2025-05-11",
      "location": "神田明神（神田神社）",

      "category": "大型",
      "highlights": ["江户三大祭之一", "神轿游行", "传统表演", "神幸祭"],
      "likes": 147,
      "website": "https://www.kandamyoujin.or.jp/",
      "description": "东京最重要的传统祭典之一，有着悠久的历史传统。神田祭是江户三大祭之一，每两年举办一次盛大的神幸祭。",
      "prefecture": "tokyo",
      "lastUpdated": "2025-01-13T12:00:00.000Z",
      "source": "https://omaturilink.com/%E6%9D%B1%E4%BA%AC%E9%83%BD/",
      "verified": false
    },
    {
      "id": "sanja-matsuri-2025",
      "title": "三社祭",
      "japaneseName": "三社祭",
      "englishName": "Sanja Matsuri",
      "date": "2025-05-17",
      "endDate": "2025-05-18",
      "location": "浅草神社",

      "category": "大型",
      "highlights": ["浅草最大祭典", "神轿游行", "传统舞蹈", "100基神轿"],
      "likes": 203,
      "website": "https://www.asakusajinja.jp/",
      "description": "浅草地区最盛大的传统祭典，吸引大量游客。以热烈的神轿游行和传统表演而闻名。",
      "prefecture": "tokyo",
      "lastUpdated": "2025-01-13T12:00:00.000Z",
      "source": "https://omaturilink.com/%E6%9D%B1%E4%BA%AC%E9%83%BD/",
      "verified": false
    },
    {
      "id": "sanno-matsuri-2025",
      "title": "山王祭",
      "japaneseName": "山王祭",
      "englishName": "Sanno Matsuri",
      "date": "2025-06-07",
      "endDate": "2025-06-17",
      "location": "日枝神社",

      "category": "大型",
      "highlights": ["江户三大祭之一", "神幸祭", "神轿渡御", "王朝行列"],
      "likes": 89,
      "website": "https://www.hiejinja.net/",
      "description": "江户时代开始的传统祭典，规模宏大。山王祭是江户三大祭之一，以神幸祭和神轿渡御为特色。",
      "prefecture": "tokyo",
      "lastUpdated": "2025-01-13T12:00:00.000Z",
      "source": "https://omaturilink.com/%E6%9D%B1%E4%BA%AC%E9%83%BD/",
      "verified": false
    },
    {
      "id": "fukagawa-matsuri-2025",
      "title": "深川祭",
      "japaneseName": "深川祭",
      "englishName": "Fukagawa Matsuri",
      "date": "2025-08-15",
      "endDate": "2025-08-17",
      "location": "富冈八幡宫",

      "category": "大型",
      "highlights": ["水挂祭典", "神轿游行", "夏季传统", "隅田川渡御"],
      "likes": 76,
      "website": "https://www.tomiokahachimangu.or.jp/",
      "description": "深川地区的传统祭典，以独特的水挂仪式而闻名。是东京夏季重要的传统活动。",
      "prefecture": "tokyo",
      "lastUpdated": "2025-01-13T12:00:00.000Z",
      "source": "https://omaturilink.com/%E6%9D%B1%E4%BA%AC%E9%83%BD/",
      "verified": false
    },
    {
      "id": "mitama-matsuri-2025",
      "title": "御魂祭",
      "japaneseName": "みたま祭",
      "englishName": "Mitama Matsuri",
      "date": "2025-07-13",
      "endDate": "2025-07-16",
      "location": "靖国神社",

      "category": "中型",
      "highlights": ["提灯点灯", "夏夜风情", "传统舞蹈", "献灯仪式"],
      "likes": 52,
      "website": "https://www.yasukuni.or.jp/",
      "description": "靖国神社的夏季祭典，以数万盏提灯点亮夜空的美景而著称。7月中旬举办。",
      "prefecture": "tokyo",
      "lastUpdated": "2025-01-13T12:00:00.000Z",
      "source": "https://omaturilink.com/%E6%9D%B1%E4%BA%AC%E9%83%BD/",
      "verified": false
    },
    {
      "id": "kagurazaka-matsuri-2025",
      "title": "神楽坂祭",
      "japaneseName": "神楽坂祭り",
      "englishName": "Kagurazaka Matsuri",
      "date": "2025-07-23",
      "endDate": "2025-07-26",
      "location": "神楽坂地区",

      "category": "中型",
      "highlights": ["阿波舞", "灯笼市", "神楽坂美食", "传统表演"],
      "likes": 43,
      "website": "https://www.kagurazaka-dori.com/",
      "description": "神楽坂地区的夏季祭典，以阿波舞和灯笼市为特色，展现传统与现代融合的魅力。",
      "prefecture": "tokyo",
      "lastUpdated": "2025-01-13T12:00:00.000Z",
      "source": "https://omaturilink.com/%E6%9D%B1%E4%BA%AC%E9%83%BD/",
      "verified": false
    }
  ]
} 